dataset,execution_time_sec,num_rows
v1,0.47152209281921387,5000000
v2,0.4522562026977539,5000000
v1+v2,0.928722620010376,10000000
