dataset,execution_time_sec,num_rows
v1,0.004805326461791992,10000
v2,0.003651142120361328,10000
v1+v2,0.004469871520996094,20000
