dataset,execution_time_sec,num_rows
v1,0.10018444061279297,1000000
v2,0.09543514251708984,1000000
v1+v2,0.18893766403198242,2000000
