dataset,execution_time_sec,num_rows
v1,1.3863530158996582,15000000
v2,1.3204264640808105,15000000
v1+v2,2.7012901306152344,30000000
